0,-0.000000,0.000000,-0.000000,0.000000
2,-0.000000,0.000000,-0.000000,0.000000
4,-0.000000,0.000000,-0.000000,0.000000
6,-0.000000,0.000000,-0.000000,0.000000
8,-0.000000,0.000000,-0.000000,0.000000
10,-0.000000,0.000000,-0.000000,0.000000
12,-0.000000,0.000000,-0.000000,0.000000
14,-0.000000,0.000000,-0.000000,0.000000
16,-0.000000,0.000000,-0.000000,0.000000
18,-0.000000,0.000000,-0.000000,0.000000
20,-0.000000,0.000000,-0.000000,0.000000
22,-0.000000,0.000000,-0.000000,0.000000
24,-0.000000,0.000000,-0.000000,0.000000
26,-0.000000,0.000000,-0.000000,0.000000
28,-0.000000,0.000000,-0.000000,0.000000
30,-0.000000,0.000000,-0.000000,0.000000
32,2.266667,0.000000,-0.000000,0.000000
34,2.266667,0.000000,-0.000000,0.000000
36,2.266667,0.000000,-0.000000,0.000000
38,2.266667,0.000000,-0.000000,0.000000
40,2.266667,0.000000,-0.000000,0.000000
42,2.266667,0.000000,10.466667,-2.400000
44,2.266667,0.000000,10.466667,-2.400000
46,2.266667,0.000000,10.466667,-2.400000
48,2.266667,0.000000,10.466667,-2.400000
50,2.266667,0.000000,10.466667,-2.400000
52,3.933333,-3.266667,9.466667,-3.400000
54,3.933333,-3.266667,9.466667,-3.400000
56,3.933333,-3.266667,9.466667,-3.400000
58,3.933333,-3.266667,9.466667,-3.400000
60,14.800000,-5.866667,10.266667,-5.333333
62,14.800000,-5.866667,10.266667,-5.333333
64,14.800000,-5.866667,10.266667,-5.333333
66,14.800000,-5.866667,10.266667,-5.333333
68,14.800000,-5.866667,10.266667,-5.333333
70,32.000000,-16.266667,24.133333,-17.866667
72,32.000000,-16.266667,24.133333,-17.866667
74,32.000000,-16.266667,24.133333,-17.866667
76,32.000000,-16.266667,24.133333,-17.866667
78,32.000000,-16.266667,24.133333,-17.866667
80,53.800000,-32.333333,42.333333,-34.666667
82,53.800000,-32.333333,42.333333,-34.666667
84,53.800000,-32.333333,42.333333,-34.666667
86,53.800000,-32.333333,42.333333,-34.666667
88,53.800000,-32.333333,42.333333,-34.666667
90,75.866667,-45.866667,66.333333,-45.666667
92,75.866667,-45.866667,66.333333,-45.666667
94,75.866667,-45.866667,66.333333,-45.666667
96,75.866667,-45.866667,66.333333,-45.666667
98,94.066667,-74.866667,87.466667,-53.666667
100,94.066667,-74.866667,87.466667,-53.666667
102,94.066667,-74.866667,87.466667,-53.666667
104,94.066667,-74.866667,87.466667,-53.666667
106,94.066667,-74.866667,87.466667,-53.666667
108,87.266667,-86.266667,83.933333,-60.066667
110,87.266667,-86.266667,83.933333,-60.066667
112,87.266667,-86.266667,83.933333,-60.066667
114,87.266667,-86.266667,83.933333,-60.066667
116,87.266667,-86.266667,83.933333,-60.066667
118,59.266667,-76.666667,57.800000,-63.866667
120,59.266667,-76.666667,57.800000,-63.866667
122,59.266667,-76.666667,57.800000,-63.866667
124,59.266667,-76.666667,57.800000,-63.866667
126,59.266667,-76.666667,57.800000,-63.866667
128,34.866667,-67.266667,42.000000,-54.333333
130,34.866667,-67.266667,42.000000,-54.333333
132,34.866667,-67.266667,42.000000,-54.333333
134,34.866667,-67.266667,42.000000,-54.333333
136,34.866667,-67.266667,42.000000,-54.333333
138,27.133333,-58.533333,45.266667,-64.466667
140,27.133333,-58.533333,45.266667,-64.466667
142,27.133333,-58.533333,45.266667,-64.466667
144,27.133333,-58.533333,45.266667,-64.466667
146,27.133333,-58.533333,45.266667,-64.466667
148,19.266667,-58.733333,34.133333,-80.266667
150,19.266667,-58.733333,34.133333,-80.266667
152,19.266667,-58.733333,34.133333,-80.266667
154,19.266667,-58.733333,34.133333,-80.266667
156,19.266667,-58.733333,34.133333,-80.266667
158,31.866667,-78.066667,43.266667,-85.266667
160,31.866667,-78.066667,43.266667,-85.266667
162,31.866667,-78.066667,43.266667,-85.266667
164,31.866667,-78.066667,43.266667,-85.266667
166,31.866667,-78.066667,43.266667,-85.266667
168,57.733333,-102.000000,52.666667,-89.866667
170,57.733333,-102.000000,52.666667,-89.866667
172,57.733333,-102.000000,52.666667,-89.866667
174,57.733333,-102.000000,52.666667,-89.866667
176,57.733333,-102.000000,52.666667,-89.866667
178,68.666667,-110.466667,50.266667,-98.333333
180,68.666667,-110.466667,50.266667,-98.333333
182,68.666667,-110.466667,50.266667,-98.333333
184,68.666667,-110.466667,50.266667,-98.333333
186,68.666667,-110.466667,50.266667,-98.333333
188,63.533333,-102.600000,55.200000,-106.866667
190,63.533333,-102.600000,55.200000,-106.866667
192,63.533333,-102.600000,55.200000,-106.866667
194,63.533333,-102.600000,55.200000,-106.866667
196,63.533333,-102.600000,55.200000,-106.866667
198,57.933333,-100.533333,53.600000,-107.200000
200,57.933333,-100.533333,53.600000,-107.200000
202,57.933333,-100.533333,53.600000,-107.200000
204,57.933333,-100.533333,53.600000,-107.200000
206,57.933333,-100.533333,53.600000,-107.200000
208,59.066667,-114.000000,50.000000,-106.066667
210,59.066667,-114.000000,50.000000,-106.066667
212,59.066667,-114.000000,50.000000,-106.066667
214,59.066667,-114.000000,50.000000,-106.066667
216,59.066667,-114.000000,50.000000,-106.066667
218,68.466667,-128.866667,62.933333,-114.733333
220,68.466667,-128.866667,62.933333,-114.733333
222,68.466667,-128.866667,62.933333,-114.733333
224,68.466667,-128.866667,62.933333,-114.733333
226,68.466667,-128.866667,62.933333,-114.733333
228,82.933333,-133.000000,73.266667,-131.866667
230,82.933333,-133.000000,73.266667,-131.866667
232,82.933333,-133.000000,73.266667,-131.866667
234,82.933333,-133.000000,73.266667,-131.866667
236,82.933333,-133.000000,73.266667,-131.866667
238,87.533333,-132.200000,84.333333,-136.066667
240,87.533333,-132.200000,84.333333,-136.066667
242,87.533333,-132.200000,84.333333,-136.066667
244,87.533333,-132.200000,84.333333,-136.066667
246,87.533333,-132.200000,84.333333,-136.066667
248,90.200000,-120.733333,96.333333,-135.933333
250,90.200000,-120.733333,96.333333,-135.933333
252,90.200000,-120.733333,96.333333,-135.933333
254,90.200000,-120.733333,96.333333,-135.933333
256,90.200000,-120.733333,96.333333,-135.933333
258,94.800000,-114.933333,98.533333,-124.866667
260,94.800000,-114.933333,98.533333,-124.866667
262,94.800000,-114.933333,98.533333,-124.866667
264,94.800000,-114.933333,98.533333,-124.866667
266,94.800000,-114.933333,98.533333,-124.866667
268,95.733333,-129.866667,97.000000,-133.466667
270,95.733333,-129.866667,97.000000,-133.466667
272,95.733333,-129.866667,97.000000,-133.466667
274,95.733333,-129.866667,97.000000,-133.466667
276,93.133333,-146.533333,99.333333,-141.200000
278,93.133333,-146.533333,99.333333,-141.200000
280,93.133333,-146.533333,99.333333,-141.200000
282,93.133333,-146.533333,99.333333,-141.200000
284,93.133333,-146.533333,99.333333,-141.200000
286,100.333333,-151.666667,99.733333,-140.466667
288,100.333333,-151.666667,99.733333,-140.466667
290,100.333333,-151.666667,99.733333,-140.466667
292,100.333333,-151.666667,99.733333,-140.466667
294,100.333333,-151.666667,99.733333,-140.466667
296,111.133333,-156.866667,104.400000,-152.466667
298,111.133333,-156.866667,104.400000,-152.466667
300,111.133333,-156.866667,104.400000,-152.466667
302,111.133333,-156.866667,104.400000,-152.466667
304,111.133333,-156.866667,104.400000,-152.466667
306,113.600000,-150.000000,112.333333,-152.733333
308,113.600000,-150.000000,112.333333,-152.733333
310,113.600000,-150.000000,112.333333,-152.733333
312,113.600000,-150.000000,112.333333,-152.733333
314,113.600000,-150.000000,112.333333,-152.733333
316,117.533333,-145.666667,117.000000,-152.600000
318,117.533333,-145.666667,117.000000,-152.600000
320,117.533333,-145.666667,117.000000,-152.600000
322,117.533333,-145.666667,117.000000,-152.600000
324,117.533333,-145.666667,117.000000,-152.600000
326,127.733333,-149.266667,122.066667,-151.666667
328,127.733333,-149.266667,122.066667,-151.666667
330,127.733333,-149.266667,122.066667,-151.666667
332,127.733333,-149.266667,122.066667,-151.666667
334,127.733333,-149.266667,122.066667,-151.666667
336,128.266667,-151.866667,127.733333,-155.333333
338,128.266667,-151.866667,127.733333,-155.333333
340,128.266667,-151.866667,127.733333,-155.333333
342,128.266667,-151.866667,127.733333,-155.333333
344,128.266667,-151.866667,127.733333,-155.333333
346,128.666667,-156.000000,129.466667,-152.933333
348,128.666667,-156.000000,129.466667,-152.933333
350,128.666667,-156.000000,129.466667,-152.933333
352,128.666667,-156.000000,129.466667,-152.933333
354,128.666667,-156.000000,129.466667,-152.933333
356,130.000000,-160.733333,130.533333,-163.333333
358,130.000000,-160.733333,130.533333,-163.333333
360,130.000000,-160.733333,130.533333,-163.333333
362,130.000000,-160.733333,130.533333,-163.333333
364,130.000000,-160.733333,130.533333,-163.333333
366,139.266667,-165.866667,137.066667,-164.333333
368,139.266667,-165.866667,137.066667,-164.333333
370,139.266667,-165.866667,137.066667,-164.333333
372,139.266667,-165.866667,137.066667,-164.333333
374,139.266667,-165.866667,137.066667,-164.333333
376,132.666667,-160.200000,134.200000,-171.533333
378,132.666667,-160.200000,134.200000,-171.533333
380,132.666667,-160.200000,134.200000,-171.533333
382,132.666667,-160.200000,134.200000,-171.533333
384,132.666667,-160.200000,134.200000,-171.533333
386,135.200000,-167.600000,137.733333,-167.066667
388,135.200000,-167.600000,137.733333,-167.066667
390,135.200000,-167.600000,137.733333,-167.066667
392,135.200000,-167.600000,137.733333,-167.066667
394,135.200000,-167.600000,137.733333,-167.066667
396,142.266667,-161.400000,142.733333,-167.800000
398,142.266667,-161.400000,142.733333,-167.800000
400,142.266667,-161.400000,142.733333,-167.800000
402,142.266667,-161.400000,142.733333,-167.800000
404,142.266667,-161.400000,142.733333,-167.800000
406,146.600000,-159.533333,136.466667,-162.533333
408,146.600000,-159.533333,136.466667,-162.533333
410,146.600000,-159.533333,136.466667,-162.533333
412,146.600000,-159.533333,136.466667,-162.533333
414,146.600000,-159.533333,136.466667,-162.533333
416,145.266667,-167.333333,150.266667,-162.133333
418,145.266667,-167.333333,150.266667,-162.133333
420,145.266667,-167.333333,150.266667,-162.133333
422,145.266667,-167.333333,150.266667,-162.133333
424,145.266667,-167.333333,150.266667,-162.133333
426,150.200000,-165.266667,148.000000,-165.133333
428,150.200000,-165.266667,148.000000,-165.133333
430,150.200000,-165.266667,148.000000,-165.133333
432,150.200000,-165.266667,148.000000,-165.133333
434,150.200000,-165.266667,148.000000,-165.133333
436,153.200000,-166.466667,153.800000,-165.266667
438,153.200000,-166.466667,153.800000,-165.266667
440,153.200000,-166.466667,153.800000,-165.266667
442,153.200000,-166.466667,153.800000,-165.266667
444,152.333333,-166.066667,151.133333,-157.933333
446,152.333333,-166.066667,151.133333,-157.933333
448,152.333333,-166.066667,151.133333,-157.933333
450,152.333333,-166.066667,151.133333,-157.933333
452,152.333333,-166.066667,151.133333,-157.933333
454,154.400000,-159.600000,156.000000,-160.400000
456,154.400000,-159.600000,156.000000,-160.400000
458,154.400000,-159.600000,156.000000,-160.400000
460,154.400000,-159.600000,156.000000,-160.400000
462,154.400000,-159.600000,156.000000,-160.400000
464,163.200000,-160.066667,162.266667,-159.866667
466,163.200000,-160.066667,162.266667,-159.866667
468,163.200000,-160.066667,162.266667,-159.866667
470,163.200000,-160.066667,162.266667,-159.866667
472,163.200000,-160.066667,162.266667,-159.866667
474,155.933333,-161.600000,152.933333,-156.666667
476,155.933333,-161.600000,152.933333,-156.666667
478,155.933333,-161.600000,152.933333,-156.666667
480,155.933333,-161.600000,152.933333,-156.666667
482,155.933333,-161.600000,152.933333,-156.666667
484,162.000000,-155.400000,163.133333,-158.266667
486,162.000000,-155.400000,163.133333,-158.266667
488,162.000000,-155.400000,163.133333,-158.266667
490,162.000000,-155.400000,163.133333,-158.266667
492,162.000000,-155.400000,163.133333,-158.266667
494,158.666667,-158.200000,154.200000,-160.600000
496,158.666667,-158.200000,154.200000,-160.600000
498,158.666667,-158.200000,154.200000,-160.600000
500,158.666667,-158.200000,154.200000,-160.600000
502,158.666667,-158.200000,154.200000,-160.600000
504,160.866667,-159.533333,159.200000,-150.866667
506,160.866667,-159.533333,159.200000,-150.866667
508,160.866667,-159.533333,159.200000,-150.866667
510,160.866667,-159.533333,159.200000,-150.866667
512,160.866667,-159.533333,159.200000,-150.866667
514,163.200000,-153.266667,160.466667,-163.266667
516,163.200000,-153.266667,160.466667,-163.266667
518,163.200000,-153.266667,160.466667,-163.266667
520,163.200000,-153.266667,160.466667,-163.266667
522,163.200000,-153.266667,160.466667,-163.266667
524,168.000000,-154.466667,165.333333,-153.400000
526,168.000000,-154.466667,165.333333,-153.400000
528,168.000000,-154.466667,165.333333,-153.400000
530,168.000000,-154.466667,165.333333,-153.400000
532,168.000000,-154.466667,165.333333,-153.400000
534,158.533333,-152.066667,166.066667,-156.133333
536,158.533333,-152.066667,166.066667,-156.133333
538,158.533333,-152.066667,166.066667,-156.133333
540,158.533333,-152.066667,166.066667,-156.133333
542,158.533333,-152.066667,166.066667,-156.133333
544,164.733333,-148.133333,169.666667,-152.466667
546,164.733333,-148.133333,169.666667,-152.466667
548,164.733333,-148.133333,169.666667,-152.466667
550,164.733333,-148.133333,169.666667,-152.466667
552,164.733333,-148.133333,169.666667,-152.466667
554,161.200000,-151.666667,160.800000,-153.466667
556,161.200000,-151.666667,160.800000,-153.466667
558,161.200000,-151.666667,160.800000,-153.466667
560,161.200000,-151.666667,160.800000,-153.466667
562,161.200000,-151.666667,160.800000,-153.466667
564,157.733333,-150.400000,161.133333,-145.466667
566,157.733333,-150.400000,161.133333,-145.466667
568,157.733333,-150.400000,161.133333,-145.466667
570,157.733333,-150.400000,161.133333,-145.466667
572,157.733333,-150.400000,161.133333,-145.466667
574,155.733333,-148.666667,157.933333,-150.333333
576,155.733333,-148.666667,157.933333,-150.333333
578,155.733333,-148.666667,157.933333,-150.333333
580,155.733333,-148.666667,157.933333,-150.333333
582,155.733333,-148.666667,157.933333,-150.333333
584,153.133333,-149.800000,154.600000,-149.933333
586,153.133333,-149.800000,154.600000,-149.933333
588,153.133333,-149.800000,154.600000,-149.933333
590,153.133333,-149.800000,154.600000,-149.933333
592,153.133333,-149.800000,154.600000,-149.933333
594,148.200000,-150.600000,154.066667,-145.733333
596,148.200000,-150.600000,154.066667,-145.733333
598,148.200000,-150.600000,154.066667,-145.733333
600,148.200000,-150.600000,154.066667,-145.733333
602,153.866667,-145.400000,154.266667,-152.400000
604,153.866667,-145.400000,154.266667,-152.400000
606,153.866667,-145.400000,154.266667,-152.400000
608,153.866667,-145.400000,154.266667,-152.400000
610,153.866667,-145.400000,154.266667,-152.400000
612,148.133333,-149.866667,151.600000,-145.400000
614,148.133333,-149.866667,151.600000,-145.400000
616,148.133333,-149.866667,151.600000,-145.400000
618,148.133333,-149.866667,151.600000,-145.400000
620,148.133333,-149.866667,151.600000,-145.400000
622,154.400000,-150.800000,155.000000,-149.400000
624,154.400000,-150.800000,155.000000,-149.400000
626,154.400000,-150.800000,155.000000,-149.400000
628,154.400000,-150.800000,155.000000,-149.400000
630,154.400000,-150.800000,155.000000,-149.400000
632,156.133333,-148.533333,150.800000,-149.533333
634,156.133333,-148.533333,150.800000,-149.533333
636,156.133333,-148.533333,150.800000,-149.533333
638,156.133333,-148.533333,150.800000,-149.533333
640,156.133333,-148.533333,150.800000,-149.533333
642,150.666667,-149.800000,153.333333,-151.533333
644,150.666667,-149.800000,153.333333,-151.533333
646,150.666667,-149.800000,153.333333,-151.533333
648,150.666667,-149.800000,153.333333,-151.533333
650,150.666667,-149.800000,153.333333,-151.533333
652,152.533333,-154.666667,151.000000,-148.000000
654,152.533333,-154.666667,151.000000,-148.000000
656,152.533333,-154.666667,151.000000,-148.000000
658,152.533333,-154.666667,151.000000,-148.000000
660,152.533333,-154.666667,151.000000,-148.000000
662,148.133333,-147.066667,150.000000,-154.666667
664,148.133333,-147.066667,150.000000,-154.666667
666,148.133333,-147.066667,150.000000,-154.666667
668,148.133333,-147.066667,150.000000,-154.666667
670,148.133333,-147.066667,150.000000,-154.666667
672,141.800000,-153.933333,147.533333,-149.733333
674,141.800000,-153.933333,147.533333,-149.733333
676,141.800000,-153.933333,147.533333,-149.733333
678,141.800000,-153.933333,147.533333,-149.733333
680,141.800000,-153.933333,147.533333,-149.733333
682,143.533333,-151.533333,144.333333,-148.266667
684,143.533333,-151.533333,144.333333,-148.266667
686,143.533333,-151.533333,144.333333,-148.266667
688,143.533333,-151.533333,144.333333,-148.266667
690,143.533333,-151.533333,144.333333,-148.266667
692,147.066667,-145.600000,145.800000,-148.133333
694,147.066667,-145.600000,145.800000,-148.133333
696,147.066667,-145.600000,145.800000,-148.133333
698,147.066667,-145.600000,145.800000,-148.133333
700,147.066667,-145.600000,145.800000,-148.133333
702,146.600000,-149.866667,148.400000,-150.800000
704,146.600000,-149.866667,148.400000,-150.800000
706,146.600000,-149.866667,148.400000,-150.800000
708,146.600000,-149.866667,148.400000,-150.800000
710,146.600000,-149.866667,148.400000,-150.800000
712,148.133333,-150.133333,146.266667,-147.600000
714,148.133333,-150.133333,146.266667,-147.600000
716,148.133333,-150.133333,146.266667,-147.600000
718,148.133333,-150.133333,146.266667,-147.600000
720,148.133333,-150.133333,146.266667,-147.600000
722,151.666667,-145.933333,149.200000,-148.133333
724,151.666667,-145.933333,149.200000,-148.133333
726,151.666667,-145.933333,149.200000,-148.133333
728,151.666667,-145.933333,149.200000,-148.133333
730,151.666667,-145.933333,149.200000,-148.133333
732,146.000000,-148.866667,143.666667,-148.533333
734,146.000000,-148.866667,143.666667,-148.533333
736,146.000000,-148.866667,143.666667,-148.533333
738,146.000000,-148.866667,143.666667,-148.533333
740,146.000000,-148.866667,143.666667,-148.533333
742,144.333333,-148.666667,148.800000,-146.866667
744,144.333333,-148.666667,148.800000,-146.866667
746,144.333333,-148.666667,148.800000,-146.866667
748,144.333333,-148.666667,148.800000,-146.866667
750,144.333333,-148.666667,148.800000,-146.866667
752,144.600000,-150.333333,139.200000,-147.600000
754,144.600000,-150.333333,139.200000,-147.600000
756,144.600000,-150.333333,139.200000,-147.600000
758,144.600000,-150.333333,139.200000,-147.600000
760,144.600000,-150.333333,139.200000,-147.600000
762,146.666667,-149.600000,147.600000,-151.200000
764,146.666667,-149.600000,147.600000,-151.200000
766,146.666667,-149.600000,147.600000,-151.200000
768,146.666667,-149.600000,147.600000,-151.200000
770,142.066667,-146.933333,140.400000,-144.933333
772,142.066667,-146.933333,140.400000,-144.933333
774,142.066667,-146.933333,140.400000,-144.933333
776,142.066667,-146.933333,140.400000,-144.933333
778,142.066667,-146.933333,140.400000,-144.933333
780,150.666667,-142.866667,148.933333,-148.466667
782,150.666667,-142.866667,148.933333,-148.466667
784,150.666667,-142.866667,148.933333,-148.466667
786,150.666667,-142.866667,148.933333,-148.466667
788,150.666667,-142.866667,148.933333,-148.466667
790,142.400000,-144.866667,141.466667,-143.066667
792,142.400000,-144.866667,141.466667,-143.066667
794,142.400000,-144.866667,141.466667,-143.066667
796,142.400000,-144.866667,141.466667,-143.066667
798,142.400000,-144.866667,141.466667,-143.066667
800,146.000000,-146.333333,144.933333,-148.666667
802,146.000000,-146.333333,144.933333,-148.666667
804,146.000000,-146.333333,144.933333,-148.666667
806,146.000000,-146.333333,144.933333,-148.666667
808,146.000000,-146.333333,144.933333,-148.666667
810,146.533333,-145.533333,145.466667,-140.733333
812,146.533333,-145.533333,145.466667,-140.733333
814,146.533333,-145.533333,145.466667,-140.733333
816,146.533333,-145.533333,145.466667,-140.733333
818,146.533333,-145.533333,145.466667,-140.733333
820,140.200000,-152.800000,147.933333,-149.133333
822,140.200000,-152.800000,147.933333,-149.133333
824,140.200000,-152.800000,147.933333,-149.133333
826,140.200000,-152.800000,147.933333,-149.133333
828,140.200000,-152.800000,147.933333,-149.133333
830,140.933333,-148.133333,146.600000,-144.066667
832,140.933333,-148.133333,146.600000,-144.066667
834,140.933333,-148.133333,146.600000,-144.066667
836,140.933333,-148.133333,146.600000,-144.066667
838,140.933333,-148.133333,146.600000,-144.066667
840,145.400000,-148.600000,147.133333,-154.133333
842,145.400000,-148.600000,147.133333,-154.133333
844,145.400000,-148.600000,147.133333,-154.133333
846,145.400000,-148.600000,147.133333,-154.133333
848,145.400000,-148.600000,147.133333,-154.133333
850,143.600000,-150.200000,144.466667,-149.666667
852,143.600000,-150.200000,144.466667,-149.666667
854,143.600000,-150.200000,144.466667,-149.666667
856,143.600000,-150.200000,144.466667,-149.666667
858,143.600000,-150.200000,144.466667,-149.666667
860,144.800000,-146.466667,144.333333,-149.666667
862,144.800000,-146.466667,144.333333,-149.666667
864,144.800000,-146.466667,144.333333,-149.666667
866,144.800000,-146.466667,144.333333,-149.666667
868,144.800000,-146.466667,144.333333,-149.666667
870,146.133333,-148.466667,144.533333,-147.333333
872,146.133333,-148.466667,144.533333,-147.333333
874,146.133333,-148.466667,144.533333,-147.333333
876,146.133333,-148.466667,144.533333,-147.333333
878,146.133333,-148.466667,144.533333,-147.333333
880,149.733333,-150.133333,147.333333,-144.733333
882,149.733333,-150.133333,147.333333,-144.733333
884,149.733333,-150.133333,147.333333,-144.733333
886,149.733333,-150.133333,147.333333,-144.733333
888,149.733333,-150.133333,147.333333,-144.733333
890,139.800000,-148.466667,145.533333,-148.933333
892,139.800000,-148.466667,145.533333,-148.933333
894,139.800000,-148.466667,145.533333,-148.933333
896,139.800000,-148.466667,145.533333,-148.933333
898,139.800000,-148.466667,145.533333,-148.933333
900,154.533333,-145.333333,152.533333,-148.266667
902,154.533333,-145.333333,152.533333,-148.266667
904,154.533333,-145.333333,152.533333,-148.266667
906,154.533333,-145.333333,152.533333,-148.266667
908,154.533333,-145.333333,152.533333,-148.266667
910,147.933333,-145.466667,151.533333,-148.666667
912,147.933333,-145.466667,151.533333,-148.666667
914,147.933333,-145.466667,151.533333,-148.666667
916,147.933333,-145.466667,151.533333,-148.666667
918,147.933333,-145.466667,151.533333,-148.666667
920,148.733333,-151.000000,156.600000,-148.133333
922,148.733333,-151.000000,156.600000,-148.133333
924,148.733333,-151.000000,156.600000,-148.133333
926,148.733333,-151.000000,156.600000,-148.133333
928,149.266667,-148.266667,147.666667,-143.000000
930,149.266667,-148.266667,147.666667,-143.000000
932,149.266667,-148.266667,147.666667,-143.000000
934,149.266667,-148.266667,147.666667,-143.000000
936,149.266667,-148.266667,147.666667,-143.000000
938,152.066667,-149.800000,152.266667,-151.466667
940,152.066667,-149.800000,152.266667,-151.466667
942,152.066667,-149.800000,152.266667,-151.466667
944,152.066667,-149.800000,152.266667,-151.466667
946,152.066667,-149.800000,152.266667,-151.466667
948,144.533333,-149.933333,148.600000,-145.066667
950,144.533333,-149.933333,148.600000,-145.066667
952,144.533333,-149.933333,148.600000,-145.066667
954,144.533333,-149.933333,148.600000,-145.066667
956,144.533333,-149.933333,148.600000,-145.066667
958,154.933333,-145.000000,157.266667,-149.600000
960,154.933333,-145.000000,157.266667,-149.600000
962,154.933333,-145.000000,157.266667,-149.600000
964,154.933333,-145.000000,157.266667,-149.600000
966,154.933333,-145.000000,157.266667,-149.600000
968,152.933333,-151.600000,149.000000,-150.933333
970,152.933333,-151.600000,149.000000,-150.933333
972,152.933333,-151.600000,149.000000,-150.933333
974,152.933333,-151.600000,149.000000,-150.933333
976,152.933333,-151.600000,149.000000,-150.933333
978,148.000000,-155.133333,156.533333,-149.466667
980,148.000000,-155.133333,156.533333,-149.466667
982,148.000000,-155.133333,156.533333,-149.466667
984,148.000000,-155.133333,156.533333,-149.466667
986,148.000000,-155.133333,156.533333,-149.466667
988,156.066667,-150.933333,154.200000,-149.333333
990,156.066667,-150.933333,154.200000,-149.333333
992,156.066667,-150.933333,154.200000,-149.333333
994,156.066667,-150.933333,154.200000,-149.333333
996,156.066667,-150.933333,154.200000,-149.333333
998,156.800000,-154.400000,152.733333,-152.200000
1000,156.800000,-154.400000,152.733333,-152.200000
1002,156.800000,-154.400000,152.733333,-152.200000
1004,156.800000,-154.400000,152.733333,-152.200000
1006,156.800000,-154.400000,152.733333,-152.200000
1008,158.666667,-149.266667,159.466667,-153.266667
1010,158.666667,-149.266667,159.466667,-153.266667
1012,158.666667,-149.266667,159.466667,-153.266667
1014,158.666667,-149.266667,159.466667,-153.266667
1016,158.666667,-149.266667,159.466667,-153.266667
1018,155.600000,-149.933333,153.066667,-153.666667
1020,155.600000,-149.933333,153.066667,-153.666667
1022,155.600000,-149.933333,153.066667,-153.666667
1024,155.600000,-149.933333,153.066667,-153.666667
1026,155.600000,-149.933333,153.066667,-153.666667
1028,156.933333,-153.600000,163.400000,-157.800000
1030,156.933333,-153.600000,163.400000,-157.800000
1032,156.933333,-153.600000,163.400000,-157.800000
1034,156.933333,-153.600000,163.400000,-157.800000
1036,156.933333,-153.600000,163.400000,-157.800000
1038,153.466667,-155.733333,157.000000,-148.666667
1040,153.466667,-155.733333,157.000000,-148.666667
1042,153.466667,-155.733333,157.000000,-148.666667
1044,153.466667,-155.733333,157.000000,-148.666667
1046,153.466667,-155.733333,157.000000,-148.666667
1048,160.266667,-155.066667,156.133333,-152.933333
1050,160.266667,-155.066667,156.133333,-152.933333
1052,160.266667,-155.066667,156.133333,-152.933333
1054,160.266667,-155.066667,156.133333,-152.933333
1056,160.266667,-155.066667,156.133333,-152.933333
1058,152.133333,-151.533333,153.866667,-155.066667
1060,152.133333,-151.533333,153.866667,-155.066667
1062,152.133333,-151.533333,153.866667,-155.066667
1064,152.133333,-151.533333,153.866667,-155.066667
1066,152.133333,-151.533333,153.866667,-155.066667
1068,155.333333,-153.133333,152.666667,-153.200000
1070,155.333333,-153.133333,152.666667,-153.200000
1072,155.333333,-153.133333,152.666667,-153.200000
1074,155.333333,-153.133333,152.666667,-153.200000
1076,155.333333,-153.133333,152.666667,-153.200000
1078,155.733333,-149.800000,155.600000,-156.933333
1080,155.733333,-149.800000,155.600000,-156.933333
1082,155.733333,-149.800000,155.600000,-156.933333
1084,155.733333,-149.800000,155.600000,-156.933333
1086,155.733333,-149.800000,155.600000,-156.933333
1088,148.866667,-152.666667,155.333333,-154.333333
1090,148.866667,-152.666667,155.333333,-154.333333
1092,148.866667,-152.666667,155.333333,-154.333333
1094,148.866667,-152.666667,155.333333,-154.333333
1096,153.133333,-151.666667,153.533333,-149.466667
1098,153.133333,-151.666667,153.533333,-149.466667
1100,153.133333,-151.666667,153.533333,-149.466667
1102,153.133333,-151.666667,153.533333,-149.466667
1104,153.133333,-151.666667,153.533333,-149.466667
1106,154.800000,-149.266667,154.600000,-151.400000
1108,154.800000,-149.266667,154.600000,-151.400000
1110,154.800000,-149.266667,154.600000,-151.400000
1112,154.800000,-149.266667,154.600000,-151.400000
1114,154.800000,-149.266667,154.600000,-151.400000
1116,151.266667,-151.133333,151.266667,-152.200000
1118,151.266667,-151.133333,151.266667,-152.200000
1120,151.266667,-151.133333,151.266667,-152.200000
1122,151.266667,-151.133333,151.266667,-152.200000
1124,151.266667,-151.133333,151.266667,-152.200000
1126,154.333333,-150.466667,152.533333,-149.000000
1128,154.333333,-150.466667,152.533333,-149.000000
1130,154.333333,-150.466667,152.533333,-149.000000
1132,154.333333,-150.466667,152.533333,-149.000000
1134,154.333333,-150.466667,152.533333,-149.000000
1136,150.266667,-148.333333,150.666667,-150.133333
1138,150.266667,-148.333333,150.666667,-150.133333
1140,150.266667,-148.333333,150.666667,-150.133333
1142,150.266667,-148.333333,150.666667,-150.133333
1144,150.266667,-148.333333,150.666667,-150.133333
1146,144.666667,-152.600000,153.800000,-154.666667
1148,144.666667,-152.600000,153.800000,-154.666667
1150,144.666667,-152.600000,153.800000,-154.666667
1152,144.666667,-152.600000,153.800000,-154.666667
1154,144.666667,-152.600000,153.800000,-154.666667
1156,149.600000,-150.200000,150.666667,-147.866667
1158,149.600000,-150.200000,150.666667,-147.866667
1160,149.600000,-150.200000,150.666667,-147.866667
1162,149.600000,-150.200000,150.666667,-147.866667
1164,149.600000,-150.200000,150.666667,-147.866667
1166,147.866667,-143.733333,148.866667,-149.000000
1168,147.866667,-143.733333,148.866667,-149.000000
1170,147.866667,-143.733333,148.866667,-149.000000
1172,147.866667,-143.733333,148.866667,-149.000000
1174,147.866667,-143.733333,148.866667,-149.000000
1176,144.400000,-147.266667,147.600000,-150.266667
1178,144.400000,-147.266667,147.600000,-150.266667
1180,144.400000,-147.266667,147.600000,-150.266667
1182,144.400000,-147.266667,147.600000,-150.266667
1184,144.400000,-147.266667,147.600000,-150.266667
1186,143.333333,-146.133333,145.666667,-146.266667
1188,143.333333,-146.133333,145.666667,-146.266667
1190,143.333333,-146.133333,145.666667,-146.266667
1192,143.333333,-146.133333,145.666667,-146.266667
1194,143.333333,-146.133333,145.666667,-146.266667
1196,147.933333,-146.133333,145.000000,-147.266667
1198,147.933333,-146.133333,145.000000,-147.266667
1200,147.933333,-146.133333,145.000000,-147.266667
1202,147.933333,-146.133333,145.000000,-147.266667
1204,147.933333,-146.133333,145.000000,-147.266667
1206,141.666667,-148.000000,147.933333,-149.200000
1208,141.666667,-148.000000,147.933333,-149.200000
1210,141.666667,-148.000000,147.933333,-149.200000
1212,141.666667,-148.000000,147.933333,-149.200000
1214,141.666667,-148.000000,147.933333,-149.200000
1216,148.266667,-152.000000,150.333333,-144.466667
1218,148.266667,-152.000000,150.333333,-144.466667
1220,148.266667,-152.000000,150.333333,-144.466667
1222,148.266667,-152.000000,150.333333,-144.466667
1224,148.266667,-152.000000,150.333333,-144.466667
1226,147.000000,-145.266667,147.533333,-146.666667
1228,147.000000,-145.266667,147.533333,-146.666667
1230,147.000000,-145.266667,147.533333,-146.666667
1232,147.000000,-145.266667,147.533333,-146.666667
1234,147.000000,-145.266667,147.533333,-146.666667
1236,142.800000,-151.400000,147.600000,-144.600000
1238,142.800000,-151.400000,147.600000,-144.600000
1240,142.800000,-151.400000,147.600000,-144.600000
1242,142.800000,-151.400000,147.600000,-144.600000
1244,142.800000,-151.400000,147.600000,-144.600000
1246,148.400000,-148.666667,144.466667,-148.933333
1248,148.400000,-148.666667,144.466667,-148.933333
1250,148.400000,-148.666667,144.466667,-148.933333
1252,148.400000,-148.666667,144.466667,-148.933333
1254,148.400000,-146.866667,142.600000,-145.800000
1256,148.400000,-146.866667,142.600000,-145.800000
1258,148.400000,-146.866667,142.600000,-145.800000
1260,148.400000,-146.866667,142.600000,-145.800000
1262,148.400000,-146.866667,142.600000,-145.800000
1264,143.733333,-149.000000,144.933333,-150.400000
1266,143.733333,-149.000000,144.933333,-150.400000
1268,143.733333,-149.000000,144.933333,-150.400000
1270,143.733333,-149.000000,144.933333,-150.400000
1272,143.733333,-149.000000,144.933333,-150.400000
1274,145.866667,-152.600000,142.533333,-141.600000
1276,145.866667,-152.600000,142.533333,-141.600000
1278,145.866667,-152.600000,142.533333,-141.600000
1280,145.866667,-152.600000,142.533333,-141.600000
1282,145.866667,-152.600000,142.533333,-141.600000
1284,146.000000,-143.933333,146.333333,-148.800000
1286,146.000000,-143.933333,146.333333,-148.800000
1288,146.000000,-143.933333,146.333333,-148.800000
1290,146.000000,-143.933333,146.333333,-148.800000
1292,146.000000,-143.933333,146.333333,-148.800000
1294,145.600000,-152.200000,142.533333,-146.866667
1296,145.600000,-152.200000,142.533333,-146.866667
1298,145.600000,-152.200000,142.533333,-146.866667
1300,145.600000,-152.200000,142.533333,-146.866667
1302,145.600000,-152.200000,142.533333,-146.866667
1304,145.466667,-149.466667,147.466667,-149.333333
1306,145.466667,-149.466667,147.466667,-149.333333
1308,145.466667,-149.466667,147.466667,-149.333333
1310,145.466667,-149.466667,147.466667,-149.333333
1312,145.466667,-149.466667,147.466667,-149.333333
1314,151.600000,-149.666667,148.933333,-148.133333
1316,151.600000,-149.666667,148.933333,-148.133333
1318,151.600000,-149.666667,148.933333,-148.133333
1320,151.600000,-149.666667,148.933333,-148.133333
1322,151.600000,-149.666667,148.933333,-148.133333
1324,144.400000,-155.466667,148.200000,-152.933333
1326,144.400000,-155.466667,148.200000,-152.933333
1328,144.400000,-155.466667,148.200000,-152.933333
1330,144.400000,-155.466667,148.200000,-152.933333
1332,144.400000,-155.466667,148.200000,-152.933333
1334,150.800000,-153.066667,148.133333,-145.000000
1336,150.800000,-153.066667,148.133333,-145.000000
1338,150.800000,-153.066667,148.133333,-145.000000
1340,150.800000,-153.066667,148.133333,-145.000000
1342,150.800000,-153.066667,148.133333,-145.000000
1344,150.333333,-147.000000,146.066667,-151.733333
1346,150.333333,-147.000000,146.066667,-151.733333
1348,150.333333,-147.000000,146.066667,-151.733333
1350,150.333333,-147.000000,146.066667,-151.733333
1352,150.333333,-147.000000,146.066667,-151.733333
1354,150.600000,-150.666667,150.666667,-146.466667
1356,150.600000,-150.666667,150.666667,-146.466667
1358,150.600000,-150.666667,150.666667,-146.466667
1360,150.600000,-150.666667,150.666667,-146.466667
1362,150.600000,-150.666667,150.666667,-146.466667
1364,148.333333,-149.200000,147.000000,-148.733333
1366,148.333333,-149.200000,147.000000,-148.733333
1368,148.333333,-149.200000,147.000000,-148.733333
1370,148.333333,-149.200000,147.000000,-148.733333
1372,148.333333,-149.200000,147.000000,-148.733333
1374,155.066667,-145.266667,152.000000,-148.800000
1376,155.066667,-145.266667,152.000000,-148.800000
1378,155.066667,-145.266667,152.000000,-148.800000
1380,155.066667,-145.266667,152.000000,-148.800000
1382,155.066667,-145.266667,152.000000,-148.800000
1384,152.066667,-151.733333,152.133333,-151.933333
1386,152.066667,-151.733333,152.133333,-151.933333
1388,152.066667,-151.733333,152.133333,-151.933333
1390,152.066667,-151.733333,152.133333,-151.933333
1392,152.066667,-151.733333,152.133333,-151.933333
1394,150.400000,-145.000000,150.866667,-146.133333
1396,150.400000,-145.000000,150.866667,-146.133333
1398,150.400000,-145.000000,150.866667,-146.133333
1400,150.400000,-145.000000,150.866667,-146.133333
1402,150.400000,-145.000000,150.866667,-146.133333
1404,152.600000,-145.666667,154.066667,-149.000000
1406,152.600000,-145.666667,154.066667,-149.000000
1408,152.600000,-145.666667,154.066667,-149.000000
1410,152.600000,-145.666667,154.066667,-149.000000
1412,151.600000,-149.866667,153.000000,-151.533333
1414,151.600000,-149.866667,153.000000,-151.533333
1416,151.600000,-149.866667,153.000000,-151.533333
1418,151.600000,-149.866667,153.000000,-151.533333
1420,151.600000,-149.866667,153.000000,-151.533333
1422,156.066667,-150.400000,153.600000,-150.666667
1424,156.066667,-150.400000,153.600000,-150.666667
1426,156.066667,-150.400000,153.600000,-150.666667
1428,156.066667,-150.400000,153.600000,-150.666667
1430,156.066667,-150.400000,153.600000,-150.666667
1432,155.133333,-149.266667,153.800000,-150.400000
1434,155.133333,-149.266667,153.800000,-150.400000
1436,155.133333,-149.266667,153.800000,-150.400000
1438,155.133333,-149.266667,153.800000,-150.400000
1440,155.133333,-149.266667,153.800000,-150.400000
1442,157.533333,-150.266667,152.733333,-151.933333
1444,157.533333,-150.266667,152.733333,-151.933333
1446,157.533333,-150.266667,152.733333,-151.933333
1448,157.533333,-150.266667,152.733333,-151.933333
1450,157.533333,-150.266667,152.733333,-151.933333
1452,150.933333,-146.333333,152.666667,-150.466667
1454,150.933333,-146.333333,152.666667,-150.466667
1456,150.933333,-146.333333,152.666667,-150.466667
1458,150.933333,-146.333333,152.666667,-150.466667
1460,150.933333,-146.333333,152.666667,-150.466667
1462,151.866667,-147.133333,151.066667,-152.666667
1464,151.866667,-147.133333,151.066667,-152.666667
1466,151.866667,-147.133333,151.066667,-152.666667
1468,151.866667,-147.133333,151.066667,-152.666667
1470,151.866667,-147.133333,151.066667,-152.666667
1472,143.466667,-151.200000,150.066667,-153.466667
1474,143.466667,-151.200000,150.066667,-153.466667
1476,143.466667,-151.200000,150.066667,-153.466667
1478,143.466667,-151.200000,150.066667,-153.466667
1480,143.466667,-151.200000,150.066667,-153.466667
1482,151.466667,-148.266667,152.266667,-148.933333
1484,151.466667,-148.266667,152.266667,-148.933333
1486,151.466667,-148.266667,152.266667,-148.933333
1488,151.466667,-148.266667,152.266667,-148.933333
1490,151.466667,-148.266667,152.266667,-148.933333
1492,152.200000,-146.333333,153.066667,-147.333333
1494,152.200000,-146.333333,153.066667,-147.333333
1496,152.200000,-146.333333,153.066667,-147.333333
1498,152.200000,-146.333333,153.066667,-147.333333
1500,152.200000,-146.333333,153.066667,-147.333333
1502,148.333333,-153.466667,154.800000,-153.133333
1504,148.333333,-153.466667,154.800000,-153.133333
1506,148.333333,-153.466667,154.800000,-153.133333
1508,148.333333,-153.466667,154.800000,-153.133333
1510,148.333333,-153.466667,154.800000,-153.133333
1512,152.533333,-148.666667,153.600000,-147.866667
1514,152.533333,-148.666667,153.600000,-147.866667
1516,152.533333,-148.666667,153.600000,-147.866667
1518,152.533333,-148.666667,153.600000,-147.866667
1520,152.533333,-148.666667,153.600000,-147.866667
1522,149.533333,-151.133333,151.866667,-154.266667
1524,149.533333,-151.133333,151.866667,-154.266667
1526,149.533333,-151.133333,151.866667,-154.266667
1528,149.533333,-151.133333,151.866667,-154.266667
1530,149.533333,-151.133333,151.866667,-154.266667
1532,153.600000,-153.000000,151.066667,-152.800000
1534,153.600000,-153.000000,151.066667,-152.800000
1536,153.600000,-153.000000,151.066667,-152.800000
1538,153.600000,-153.000000,151.066667,-152.800000
1540,153.600000,-153.000000,151.066667,-152.800000
1542,147.866667,-150.133333,154.000000,-149.866667
1544,147.866667,-150.133333,154.000000,-149.866667
1546,147.866667,-150.133333,154.000000,-149.866667
1548,147.866667,-150.133333,154.000000,-149.866667
1550,147.866667,-150.133333,154.000000,-149.866667
1552,157.000000,-153.000000,147.800000,-154.733333
1554,157.000000,-153.000000,147.800000,-154.733333
1556,157.000000,-153.000000,147.800000,-154.733333
1558,157.000000,-153.000000,147.800000,-154.733333
1560,157.000000,-153.000000,147.800000,-154.733333
1562,143.466667,-148.533333,150.866667,-152.466667
1564,143.466667,-148.533333,150.866667,-152.466667
1566,143.466667,-148.533333,150.866667,-152.466667
1568,143.466667,-148.533333,150.866667,-152.466667
1570,143.466667,-148.533333,150.866667,-152.466667
1572,149.200000,-147.800000,147.266667,-151.800000
1574,149.200000,-147.800000,147.266667,-151.800000
1576,149.200000,-147.800000,147.266667,-151.800000
1578,149.200000,-147.800000,147.266667,-151.800000
1580,146.600000,-147.800000,146.133333,-150.133333
1582,146.600000,-147.800000,146.133333,-150.133333
1584,146.600000,-147.800000,146.133333,-150.133333
1586,146.600000,-147.800000,146.133333,-150.133333
1588,146.600000,-147.800000,146.133333,-150.133333
1590,147.600000,-156.800000,148.400000,-151.466667
1592,147.600000,-156.800000,148.400000,-151.466667
1594,147.600000,-156.800000,148.400000,-151.466667
1596,147.600000,-156.800000,148.400000,-151.466667
1598,147.600000,-156.800000,148.400000,-151.466667
1600,151.200000,-151.333333,147.933333,-147.600000
1602,151.200000,-151.333333,147.933333,-147.600000
1604,151.200000,-151.333333,147.933333,-147.600000
1606,151.200000,-151.333333,147.933333,-147.600000
1608,151.200000,-151.333333,147.933333,-147.600000
1610,153.266667,-149.200000,148.600000,-152.000000
1612,153.266667,-149.200000,148.600000,-152.000000
1614,153.266667,-149.200000,148.600000,-152.000000
1616,153.266667,-149.200000,148.600000,-152.000000
1618,153.266667,-149.200000,148.600000,-152.000000
1620,149.333333,-155.800000,149.800000,-149.666667
1622,149.333333,-155.800000,149.800000,-149.666667
1624,149.333333,-155.800000,149.800000,-149.666667
1626,149.333333,-155.800000,149.800000,-149.666667
1628,149.333333,-155.800000,149.800000,-149.666667
1630,147.733333,-153.266667,148.333333,-149.733333
1632,147.733333,-153.266667,148.333333,-149.733333
1634,147.733333,-153.266667,148.333333,-149.733333
1636,147.733333,-153.266667,148.333333,-149.733333
1638,147.733333,-153.266667,148.333333,-149.733333
1640,151.866667,-152.800000,149.200000,-153.666667
1642,151.866667,-152.800000,149.200000,-153.666667
1644,151.866667,-152.800000,149.200000,-153.666667
1646,151.866667,-152.800000,149.200000,-153.666667
1648,151.866667,-152.800000,149.200000,-153.666667
1650,143.733333,-151.000000,143.000000,-152.600000
1652,143.733333,-151.000000,143.000000,-152.600000
1654,143.733333,-151.000000,143.000000,-152.600000
1656,143.733333,-151.000000,143.000000,-152.600000
1658,143.733333,-151.000000,143.000000,-152.600000
1660,145.733333,-149.866667,150.266667,-151.000000
1662,145.733333,-149.866667,150.266667,-151.000000
1664,145.733333,-149.866667,150.266667,-151.000000
1666,145.733333,-149.866667,150.266667,-151.000000
1668,145.733333,-149.866667,150.266667,-151.000000
1670,147.266667,-145.400000,141.200000,-149.600000
1672,147.266667,-145.400000,141.200000,-149.600000
1674,147.266667,-145.400000,141.200000,-149.600000
1676,147.266667,-145.400000,141.200000,-149.600000
1678,147.266667,-145.400000,141.200000,-149.600000
1680,147.333333,-145.666667,151.933333,-149.466667
1682,147.333333,-145.666667,151.933333,-149.466667
1684,147.333333,-145.666667,151.933333,-149.466667
1686,147.333333,-145.666667,151.933333,-149.466667
1688,147.333333,-145.666667,151.933333,-149.466667
1690,145.933333,-145.333333,145.533333,-145.266667
1692,145.933333,-145.333333,145.533333,-145.266667
1694,145.933333,-145.333333,145.533333,-145.266667
1696,145.933333,-145.333333,145.533333,-145.266667
1698,145.933333,-145.333333,145.533333,-145.266667
1700,154.666667,-145.333333,153.800000,-149.666667
1702,154.666667,-145.333333,153.800000,-149.666667
1704,154.666667,-145.333333,153.800000,-149.666667
1706,154.666667,-145.333333,153.800000,-149.666667
1708,154.666667,-145.333333,153.800000,-149.666667
1710,145.066667,-151.200000,143.800000,-145.933333
1712,145.066667,-151.200000,143.800000,-145.933333
1714,145.066667,-151.200000,143.800000,-145.933333
1716,145.066667,-151.200000,143.800000,-145.933333
1718,145.066667,-151.200000,143.800000,-145.933333
1720,145.066667,-147.533333,149.333333,-150.800000
1722,145.066667,-147.533333,149.333333,-150.800000
1724,145.066667,-147.533333,149.333333,-150.800000
1726,145.066667,-147.533333,149.333333,-150.800000
1728,145.066667,-147.533333,149.333333,-150.800000
1730,145.800000,-148.200000,144.200000,-148.200000
1732,145.800000,-148.200000,144.200000,-148.200000
1734,145.800000,-148.200000,144.200000,-148.200000
1736,145.800000,-148.200000,144.200000,-148.200000
1738,143.466667,-152.400000,150.266667,-150.800000
1740,143.466667,-152.400000,150.266667,-150.800000
1742,143.466667,-152.400000,150.266667,-150.800000
1744,143.466667,-152.400000,150.266667,-150.800000
1746,143.466667,-152.400000,150.266667,-150.800000
1748,147.333333,-145.266667,146.333333,-143.333333
1750,147.333333,-145.266667,146.333333,-143.333333
1752,147.333333,-145.266667,146.333333,-143.333333
1754,147.333333,-145.266667,146.333333,-143.333333
1756,147.333333,-145.266667,146.333333,-143.333333
1758,148.600000,-149.533333,144.866667,-153.333333
1760,148.600000,-149.533333,144.866667,-153.333333
1762,148.600000,-149.533333,144.866667,-153.333333
1764,148.600000,-149.533333,144.866667,-153.333333
1766,148.600000,-149.533333,144.866667,-153.333333
1768,152.066667,-146.200000,144.800000,-147.333333
1770,152.066667,-146.200000,144.800000,-147.333333
1772,152.066667,-146.200000,144.800000,-147.333333
1774,152.066667,-146.200000,144.800000,-147.333333
1776,152.066667,-146.200000,144.800000,-147.333333
1778,143.866667,-146.866667,148.866667,-149.466667
1780,143.866667,-146.866667,148.866667,-149.466667
1782,143.866667,-146.866667,148.866667,-149.466667
1784,143.866667,-146.866667,148.866667,-149.466667
1786,143.866667,-146.866667,148.866667,-149.466667
1788,150.600000,-142.066667,149.666667,-147.533333
1790,150.600000,-142.066667,149.666667,-147.533333
1792,150.600000,-142.066667,149.666667,-147.533333
1794,150.600000,-142.066667,149.666667,-147.533333
1796,150.600000,-142.066667,149.666667,-147.533333
1798,151.933333,-145.600000,153.466667,-143.200000
1800,151.933333,-145.600000,153.466667,-143.200000
1802,151.933333,-145.600000,153.466667,-143.200000
1804,151.933333,-145.600000,153.466667,-143.200000
1806,151.933333,-145.600000,153.466667,-143.200000
1808,147.266667,-149.000000,150.400000,-144.866667
1810,147.266667,-149.000000,150.400000,-144.866667
1812,147.266667,-149.000000,150.400000,-144.866667
1814,147.266667,-149.000000,150.400000,-144.866667
1816,147.266667,-149.000000,150.400000,-144.866667
1818,154.200000,-153.266667,151.800000,-146.066667
1820,154.200000,-153.266667,151.800000,-146.066667
1822,154.200000,-153.266667,151.800000,-146.066667
1824,154.200000,-153.266667,151.800000,-146.066667
1826,154.200000,-153.266667,151.800000,-146.066667
1828,143.466667,-151.733333,152.000000,-150.733333
1830,143.466667,-151.733333,152.000000,-150.733333
1832,143.466667,-151.733333,152.000000,-150.733333
1834,143.466667,-151.733333,152.000000,-150.733333
1836,143.466667,-151.733333,152.000000,-150.733333
1838,153.933333,-147.533333,147.266667,-147.133333
1840,153.933333,-147.533333,147.266667,-147.133333
1842,153.933333,-147.533333,147.266667,-147.133333
1844,153.933333,-147.533333,147.266667,-147.133333
1846,153.933333,-147.533333,147.266667,-147.133333
1848,153.200000,-140.466667,147.466667,-149.733333
1850,153.200000,-140.466667,147.466667,-149.733333
1852,153.200000,-140.466667,147.466667,-149.733333
1854,153.200000,-140.466667,147.466667,-149.733333
1856,153.200000,-140.466667,147.466667,-149.733333
1858,154.600000,-149.466667,151.000000,-153.266667
1860,154.600000,-149.466667,151.000000,-153.266667
1862,154.600000,-149.466667,151.000000,-153.266667
1864,154.600000,-149.466667,151.000000,-153.266667
1866,154.600000,-149.466667,151.000000,-153.266667
1868,148.133333,-151.066667,150.666667,-150.200000
1870,148.133333,-151.066667,150.666667,-150.200000
1872,148.133333,-151.066667,150.666667,-150.200000
1874,148.133333,-151.066667,150.666667,-150.200000
1876,148.133333,-151.066667,150.666667,-150.200000
1878,159.600000,-151.666667,156.266667,-153.400000
1880,159.600000,-151.666667,156.266667,-153.400000
1882,159.600000,-151.666667,156.266667,-153.400000
1884,159.600000,-151.666667,156.266667,-153.400000
1886,159.600000,-151.666667,156.266667,-153.400000
1888,153.466667,-155.333333,158.733333,-152.400000
1890,153.466667,-155.333333,158.733333,-152.400000
1892,153.466667,-155.333333,158.733333,-152.400000
1894,153.466667,-155.333333,158.733333,-152.400000
1896,153.933333,-151.666667,158.933333,-149.066667
1898,153.933333,-151.666667,158.933333,-149.066667
1900,153.933333,-151.666667,158.933333,-149.066667
1902,153.933333,-151.666667,158.933333,-149.066667
1904,153.933333,-151.666667,158.933333,-149.066667
1906,163.666667,-149.000000,155.733333,-152.000000
1908,163.666667,-149.000000,155.733333,-152.000000
1910,163.666667,-149.000000,155.733333,-152.000000
1912,163.666667,-149.000000,155.733333,-152.000000
1914,163.666667,-149.000000,155.733333,-152.000000
1916,153.733333,-148.800000,158.000000,-155.133333
1918,153.733333,-148.800000,158.000000,-155.133333
1920,153.733333,-148.800000,158.000000,-155.133333
1922,153.733333,-148.800000,158.000000,-155.133333
1924,153.733333,-148.800000,158.000000,-155.133333
1926,160.466667,-149.533333,151.333333,-152.466667
1928,160.466667,-149.533333,151.333333,-152.466667
1930,160.466667,-149.533333,151.333333,-152.466667
1932,160.466667,-149.533333,151.333333,-152.466667
1934,160.466667,-149.533333,151.333333,-152.466667
1936,155.800000,-146.400000,159.733333,-155.333333
1938,155.800000,-146.400000,159.733333,-155.333333
1940,155.800000,-146.400000,159.733333,-155.333333
1942,155.800000,-146.400000,159.733333,-155.333333
1944,155.800000,-146.400000,159.733333,-155.333333
1946,149.133333,-155.666667,149.333333,-157.133333
1948,149.133333,-155.666667,149.333333,-157.133333
1950,149.133333,-155.666667,149.333333,-157.133333
1952,149.133333,-155.666667,149.333333,-157.133333
1954,149.133333,-155.666667,149.333333,-157.133333
1956,147.533333,-148.400000,153.533333,-151.066667
1958,147.533333,-148.400000,153.533333,-151.066667
1960,147.533333,-148.400000,153.533333,-151.066667
1962,147.533333,-148.400000,153.533333,-151.066667
1964,147.533333,-148.400000,153.533333,-151.066667
1966,152.200000,-149.066667,151.066667,-149.666667
1968,152.200000,-149.066667,151.066667,-149.666667
1970,152.200000,-149.066667,151.066667,-149.666667
1972,152.200000,-149.066667,151.066667,-149.666667
1974,152.200000,-149.066667,151.066667,-149.666667
1976,150.266667,-150.800000,152.000000,-151.866667
1978,150.266667,-150.800000,152.000000,-151.866667
1980,150.266667,-150.800000,152.000000,-151.866667
1982,150.266667,-150.800000,152.000000,-151.866667
1984,150.266667,-150.800000,152.000000,-151.866667
1986,149.266667,-149.533333,154.266667,-146.533333
1988,149.266667,-149.533333,154.266667,-146.533333
1990,149.266667,-149.533333,154.266667,-146.533333
1992,149.266667,-149.533333,154.266667,-146.533333
1994,149.266667,-149.533333,154.266667,-146.533333
1996,151.933333,-150.266667,151.466667,-155.333333
1998,151.933333,-150.266667,151.466667,-155.333333
